Ref,Val,Package,PosX,PosY,Rot,Side
"D10","~","D_DO-35_SOD27_P3.81mm_Vertical_KathodeUp",121.971860,-135.065352,90.000000,bottom
"D11","~","D_DO-35_SOD27_P3.81mm_Vertical_KathodeUp",141.021860,-135.065352,90.000000,bottom
"D12","~","D_DO-35_SOD27_P3.81mm_Vertical_KathodeUp",160.071860,-135.065352,90.000000,bottom
"D13","~","D_DO-35_SOD27_P3.81mm_Vertical_KathodeUp",179.121860,-135.065352,90.000000,bottom
"D14","~","D_DO-35_SOD27_P3.81mm_Vertical_KathodeUp",198.171860,-135.065352,90.000000,bottom
"D15","~","D_DO-35_SOD27_P3.81mm_Vertical_KathodeUp",217.221860,-135.065352,90.000000,bottom
"D16","~","D_DO-35_SOD27_P3.81mm_Vertical_KathodeUp",236.271860,-135.065352,90.000000,bottom
"D17","~","D_DO-35_SOD27_P3.81mm_Vertical_KathodeUp",255.321860,-135.065352,90.000000,bottom
"D18","~","D_DO-35_SOD27_P3.81mm_Vertical_KathodeUp",274.371860,-135.065352,90.000000,bottom
"D19","~","D_DO-35_SOD27_P3.81mm_Vertical_KathodeUp",293.421860,-135.065352,90.000000,bottom
"D20","~","D_DO-35_SOD27_P3.81mm_Vertical_KathodeUp",312.471860,-135.065352,90.000000,bottom
"D21","~","D_DO-35_SOD27_P3.81mm_Vertical_KathodeUp",331.521860,-135.065352,90.000000,bottom
"D22","~","D_DO-35_SOD27_P3.81mm_Vertical_KathodeUp",350.571860,-135.065352,90.000000,bottom
"D23","~","D_DO-35_SOD27_P3.81mm_Vertical_KathodeUp",369.621860,-135.065352,90.000000,bottom
"D24","~","D_DO-35_SOD27_P3.81mm_Vertical_KathodeUp",388.671860,-135.065352,90.000000,bottom
"D25","~","D_DO-35_SOD27_P3.81mm_Vertical_KathodeUp",412.484360,-135.065352,90.000000,bottom
"D26","~","D_DO-35_SOD27_P3.81mm_Vertical_KathodeUp",121.971860,-154.115352,90.000000,bottom
"D27","~","D_DO-35_SOD27_P3.81mm_Vertical_KathodeUp",141.021860,-154.115352,90.000000,bottom
"D28","~","D_DO-35_SOD27_P3.81mm_Vertical_KathodeUp",160.071860,-154.115352,90.000000,bottom
"D29","~","D_DO-35_SOD27_P3.81mm_Vertical_KathodeUp",179.121860,-154.115352,90.000000,bottom
"D30","~","D_DO-35_SOD27_P3.81mm_Vertical_KathodeUp",198.171860,-154.115352,90.000000,bottom
"D31","~","D_DO-35_SOD27_P3.81mm_Vertical_KathodeUp",217.221860,-154.115352,90.000000,bottom
"D32","~","D_DO-35_SOD27_P3.81mm_Vertical_KathodeUp",236.271860,-154.115352,90.000000,bottom
"D33","~","D_DO-35_SOD27_P3.81mm_Vertical_KathodeUp",255.321860,-154.115352,90.000000,bottom
"D34","~","D_DO-35_SOD27_P3.81mm_Vertical_KathodeUp",274.371860,-154.115352,90.000000,bottom
"D35","~","D_DO-35_SOD27_P3.81mm_Vertical_KathodeUp",293.421860,-154.115352,90.000000,bottom
"D36","~","D_DO-35_SOD27_P3.81mm_Vertical_KathodeUp",312.471860,-154.115352,90.000000,bottom
"D37","~","D_DO-35_SOD27_P3.81mm_Vertical_KathodeUp",331.521860,-154.115352,90.000000,bottom
"D38","~","D_DO-35_SOD27_P3.81mm_Vertical_KathodeUp",350.571860,-154.115352,90.000000,bottom
"D39","~","D_DO-35_SOD27_P3.81mm_Vertical_KathodeUp",387.199360,-153.991038,90.000000,bottom
"D41","~","D_DO-35_SOD27_P3.81mm_Vertical_KathodeUp",412.484360,-154.115352,90.000000,bottom
"D42","~","D_DO-35_SOD27_P3.81mm_Vertical_KathodeUp",129.115610,-192.215352,90.000000,bottom
"D43","~","D_DO-35_SOD27_P3.81mm_Vertical_KathodeUp",126.734360,-173.165352,90.000000,bottom
"D44","~","D_DO-35_SOD27_P3.81mm_Vertical_KathodeUp",155.309360,-192.215352,90.000000,bottom
"D45","~","D_DO-35_SOD27_P3.81mm_Vertical_KathodeUp",150.546860,-173.165352,90.000000,bottom
"D46","~","D_DO-35_SOD27_P3.81mm_Vertical_KathodeUp",174.359360,-192.215352,90.000000,bottom
"D47","~","D_DO-35_SOD27_P3.81mm_Vertical_KathodeUp",169.596860,-173.165352,90.000000,bottom
"D48","~","D_DO-35_SOD27_P3.81mm_Vertical_KathodeUp",193.409360,-192.215352,90.000000,bottom
"D49","~","D_DO-35_SOD27_P3.81mm_Vertical_KathodeUp",188.646860,-173.165352,90.000000,bottom
"D50","~","D_DO-35_SOD27_P3.81mm_Vertical_KathodeUp",212.459360,-192.215352,90.000000,bottom
"D51","~","D_DO-35_SOD27_P3.81mm_Vertical_KathodeUp",207.696860,-173.165352,90.000000,bottom
"D52","~","D_DO-35_SOD27_P3.81mm_Vertical_KathodeUp",231.509360,-192.215352,90.000000,bottom
"D53","~","D_DO-35_SOD27_P3.81mm_Vertical_KathodeUp",226.746860,-173.165352,90.000000,bottom
"D54","~","D_DO-35_SOD27_P3.81mm_Vertical_KathodeUp",250.559360,-192.215352,90.000000,bottom
"D55","~","D_DO-35_SOD27_P3.81mm_Vertical_KathodeUp",245.796860,-173.165352,90.000000,bottom
"D56","~","D_DO-35_SOD27_P3.81mm_Vertical_KathodeUp",269.609360,-192.215352,90.000000,bottom
"D57","~","D_DO-35_SOD27_P3.81mm_Vertical_KathodeUp",264.846860,-173.165352,90.000000,bottom
"D58","~","D_DO-35_SOD27_P3.81mm_Vertical_KathodeUp",288.659360,-192.215352,90.000000,bottom
"D59","~","D_DO-35_SOD27_P3.81mm_Vertical_KathodeUp",283.896860,-173.165352,90.000000,bottom
"D60","~","D_DO-35_SOD27_P3.81mm_Vertical_KathodeUp",307.709360,-192.215352,90.000000,bottom
"D61","~","D_DO-35_SOD27_P3.81mm_Vertical_KathodeUp",302.946860,-173.165352,90.000000,bottom
"D62","~","D_DO-35_SOD27_P3.81mm_Vertical_KathodeUp",326.759360,-192.215352,90.000000,bottom
"D63","~","D_DO-35_SOD27_P3.81mm_Vertical_KathodeUp",321.996860,-173.165352,90.000000,bottom
"D64","~","D_DO-35_SOD27_P3.81mm_Vertical_KathodeUp",345.809360,-192.215352,90.000000,bottom
"D65","~","D_DO-35_SOD27_P3.81mm_Vertical_KathodeUp",341.046860,-173.165352,90.000000,bottom
"D66","~","D_DO-35_SOD27_P3.81mm_Vertical_KathodeUp",386.499360,-192.150352,90.000000,bottom
"D67","~","D_DO-35_SOD27_P3.81mm_Vertical_KathodeUp",360.096860,-173.165352,90.000000,bottom
"D69","~","D_DO-35_SOD27_P3.81mm_Vertical_KathodeUp",383.909384,-173.165352,90.000000,bottom
"D72","~","D_DO-35_SOD27_P3.81mm_Vertical_KathodeUp",412.484360,-192.215352,90.000000,bottom
"D73","~","D_DO-35_SOD27_P3.81mm_Vertical_KathodeUp",412.484360,-173.165352,90.000000,bottom
"D74","~","D_DO-35_SOD27_P3.81mm_Vertical_KathodeUp",141.569360,-211.230352,90.000000,bottom
"D75","~","D_DO-35_SOD27_P3.81mm_Vertical_KathodeUp",124.353110,-230.315352,90.000000,bottom
"D76","~","D_DO-35_SOD27_P3.81mm_Vertical_KathodeUp",164.834360,-211.265352,90.000000,bottom
"D77","~","D_DO-35_SOD27_P3.81mm_Vertical_KathodeUp",148.165610,-230.315352,90.000000,bottom
"D78","~","D_DO-35_SOD27_P3.81mm_Vertical_KathodeUp",183.884360,-211.265352,90.000000,bottom
"D79","~","D_DO-35_SOD27_P3.81mm_Vertical_KathodeUp",171.978110,-230.315352,90.000000,bottom
"D80","~","D_DO-35_SOD27_P3.81mm_Vertical_KathodeUp",202.934360,-211.265352,90.000000,bottom
"D81","~","D_DO-35_SOD27_P3.81mm_Vertical_KathodeUp",195.790610,-230.315352,90.000000,bottom
"D82","~","D_DO-35_SOD27_P3.81mm_Vertical_KathodeUp",221.984360,-211.265352,90.000000,bottom
"D84","~","D_DO-35_SOD27_P3.81mm_Vertical_KathodeUp",241.034360,-211.265352,90.000000,bottom
"D85","~","D_DO-35_SOD27_P3.81mm_Vertical_KathodeUp",267.228110,-230.315352,90.000000,bottom
"D86","~","D_DO-35_SOD27_P3.81mm_Vertical_KathodeUp",260.084360,-211.265352,90.000000,bottom
"D88","~","D_DO-35_SOD27_P3.81mm_Vertical_KathodeUp",279.134360,-211.265352,90.000000,bottom
"D90","~","D_DO-35_SOD27_P3.81mm_Vertical_KathodeUp",298.184360,-211.265352,90.000000,bottom
"D91","~","D_DO-35_SOD27_P3.81mm_Vertical_KathodeUp",336.284360,-230.315352,90.000000,bottom
"D92","~","D_DO-35_SOD27_P3.81mm_Vertical_KathodeUp",317.234360,-211.265352,90.000000,bottom
"D93","~","D_DO-35_SOD27_P3.81mm_Vertical_KathodeUp",355.334360,-230.315352,90.000000,bottom
"D94","~","D_DO-35_SOD27_P3.81mm_Vertical_KathodeUp",336.284360,-211.265352,90.000000,bottom
"D95","~","D_DO-35_SOD27_P3.81mm_Vertical_KathodeUp",374.384360,-230.315352,90.000000,bottom
"D96","~","D_DO-35_SOD27_P3.81mm_Vertical_KathodeUp",384.269360,-211.280352,90.000000,bottom
"D97","~","D_DO-35_SOD27_P3.81mm_Vertical_KathodeUp",393.434360,-230.315352,90.000000,bottom
"D104","~","D_DO-35_SOD27_P3.81mm_Vertical_KathodeUp",412.484360,-211.265352,90.000000,bottom
"D105","~","D_DO-35_SOD27_P3.81mm_Vertical_KathodeUp",412.484360,-230.315352,90.000000,bottom
"U1","Raspberry_Pi_Pico","Raspberry_Pi_Pico",426.929360,-145.495352,180.000000,bottom
"SW1","SW_Push","MX_PCB_1.00u",112.446860,-132.035352,0.000000,top
"SW2","SW_Push","MX_PCB_1.00u",131.496860,-132.035352,0.000000,top
"SW3","SW_Push","MX_PCB_1.00u",150.546860,-132.035352,0.000000,top
"SW4","SW_Push","MX_PCB_1.00u",169.596860,-132.035352,0.000000,top
"SW5","SW_Push","MX_PCB_1.00u",188.646860,-132.035352,0.000000,top
"SW6","SW_Push","MX_PCB_1.00u",207.696860,-132.035352,0.000000,top
"SW7","SW_Push","MX_PCB_1.00u",226.746860,-132.035352,0.000000,top
"SW8","SW_Push","MX_PCB_1.00u",245.796860,-132.035352,0.000000,top
"SW9","SW_Push","MX_PCB_1.00u",264.846860,-132.035352,0.000000,top
"SW10","SW_Push","MX_PCB_1.00u",283.896860,-132.035352,0.000000,top
"SW11","SW_Push","MX_PCB_1.00u",302.946860,-132.035352,0.000000,top
"SW12","SW_Push","MX_PCB_1.00u",321.996860,-132.035352,0.000000,top
"SW13","SW_Push","MX_PCB_1.00u",341.046860,-132.035352,0.000000,top
"SW14","SW_Push","MX_PCB_1.00u",360.096860,-132.035352,0.000000,top
"SW15","SW_Push","MX_PCB_1.00u",379.146860,-132.035352,0.000000,top
"SW16","SW_Push","MX_PCB_1.00u",402.959360,-132.035352,0.000000,top
"SW17","SW_Push","MX_PCB_1.00u",112.446860,-151.085352,0.000000,top
"SW18","SW_Push","MX_PCB_1.00u",131.496860,-151.085352,0.000000,top
"SW19","SW_Push","MX_PCB_1.00u",150.546860,-151.085352,0.000000,top
"SW20","SW_Push","MX_PCB_1.00u",169.596860,-151.085352,0.000000,top
"SW21","SW_Push","MX_PCB_1.00u",188.646860,-151.085352,0.000000,top
"SW22","SW_Push","MX_PCB_1.00u",207.696860,-151.085352,0.000000,top
"SW23","SW_Push","MX_PCB_1.00u",226.746860,-151.085352,0.000000,top
"SW24","SW_Push","MX_PCB_1.00u",245.796860,-151.085352,0.000000,top
"SW25","SW_Push","MX_PCB_1.00u",264.846860,-151.085352,0.000000,top
"SW26","SW_Push","MX_PCB_1.00u",283.896860,-151.085352,0.000000,top
"SW27","SW_Push","MX_PCB_1.00u",302.946860,-151.085352,0.000000,top
"SW28","SW_Push","MX_PCB_1.00u",321.996860,-151.085352,0.000000,top
"SW29","SW_Push","MX_PCB_1.00u",341.046860,-151.085352,0.000000,top
"SW30","SW_Push","MX_PCB_2.00u",369.621860,-151.085352,0.000000,top
"SW31","SW_Push","MX_PCB_1.00u",402.959360,-151.085352,0.000000,top
"SW32","SW_Push","MX_PCB_1.50u",117.209360,-170.135352,0.000000,top
"SW33","SW_Push","MX_PCB_1.00u",141.021860,-170.135352,0.000000,top
"SW34","SW_Push","MX_PCB_1.00u",160.071860,-170.135352,0.000000,top
"SW35","SW_Push","MX_PCB_1.00u",179.121860,-170.135352,0.000000,top
"SW36","SW_Push","MX_PCB_1.00u",198.171860,-170.135352,0.000000,top
"SW37","SW_Push","MX_PCB_1.00u",217.221860,-170.135352,0.000000,top
"SW38","SW_Push","MX_PCB_1.00u",236.271860,-170.135352,0.000000,top
"SW39","SW_Push","MX_PCB_1.00u",255.321860,-170.135352,0.000000,top
"SW40","SW_Push","MX_PCB_1.00u",274.371860,-170.135352,0.000000,top
"SW41","SW_Push","MX_PCB_1.00u",293.421860,-170.135352,0.000000,top
"SW42","SW_Push","MX_PCB_1.00u",312.471860,-170.135352,0.000000,top
"SW43","SW_Push","MX_PCB_1.00u",331.521860,-170.135352,0.000000,top
"SW44","SW_Push","MX_PCB_1.00u",350.571860,-170.135352,0.000000,top
"SW45","SW_Push","MX_PCB_1.50u",374.384360,-170.135352,0.000000,top
"SW46","SW_Push","MX_PCB_1.00u",402.959360,-170.135352,0.000000,top
"SW47","SW_Push","MX_PCB_1.75u",119.590610,-189.185352,0.000000,top
"SW48","SW_Push","MX_PCB_1.00u",145.784360,-189.185352,0.000000,top
"SW49","SW_Push","MX_PCB_1.00u",164.834360,-189.185352,0.000000,top
"SW50","SW_Push","MX_PCB_1.00u",183.884360,-189.185352,0.000000,top
"SW51","SW_Push","MX_PCB_1.00u",202.934360,-189.185352,0.000000,top
"SW52","SW_Push","MX_PCB_1.00u",221.984360,-189.185352,0.000000,top
"SW53","SW_Push","MX_PCB_1.00u",241.034360,-189.185352,0.000000,top
"SW54","SW_Push","MX_PCB_1.00u",260.084360,-189.185352,0.000000,top
"SW55","SW_Push","MX_PCB_1.00u",279.134360,-189.185352,0.000000,top
"SW56","SW_Push","MX_PCB_1.00u",298.184360,-189.185352,0.000000,top
"SW57","SW_Push","MX_PCB_1.00u",317.234360,-189.185352,0.000000,top
"SW58","SW_Push","MX_PCB_1.00u",336.284360,-189.185352,0.000000,top
"SW59","SW_Push","MX_PCB_2.25u",367.330610,-188.615352,0.000000,top
"SW60","SW_Push","MX_PCB_1.00u",402.959360,-189.185352,0.000000,top
"SW61","SW_Push","MX_PCB_2.25u",124.443110,-207.665352,0.000000,top
"SW62","SW_Push","MX_PCB_1.00u",155.309360,-208.235352,0.000000,top
"SW63","SW_Push","MX_PCB_1.00u",174.359360,-208.235352,0.000000,top
"SW64","SW_Push","MX_PCB_1.00u",193.409360,-208.235352,0.000000,top
"SW65","SW_Push","MX_PCB_1.00u",212.459360,-208.235352,0.000000,top
"SW66","SW_Push","MX_PCB_1.00u",231.509360,-208.235352,0.000000,top
"SW67","SW_Push","MX_PCB_1.00u",250.559360,-208.235352,0.000000,top
"SW68","SW_Push","MX_PCB_1.00u",269.609360,-208.235352,0.000000,top
"SW69","SW_Push","MX_PCB_1.00u",288.659360,-208.235352,0.000000,top
"SW70","SW_Push","MX_PCB_1.00u",307.709360,-208.235352,0.000000,top
"SW71","SW_Push","MX_PCB_1.00u",326.759360,-208.235352,0.000000,top
"SW72","SW_Push","MX_PCB_2.75u",362.440110,-208.297352,0.000000,top
"SW73","SW_Push","MX_PCB_1.00u",402.959360,-208.235352,0.000000,top
"SW74","SW_Push","MX_PCB_1.25u",114.828110,-227.285352,0.000000,top
"SW75","SW_Push","MX_PCB_1.25u",138.640610,-227.285352,0.000000,top
"SW76","SW_Push","MX_PCB_1.25u",162.453110,-227.285352,0.000000,top
"SW77","SW_Push","MX_PCB_1.25u",186.265610,-227.285352,0.000000,top
"SW79","SW_Push","MX_PCB_1.00u",326.759360,-227.285352,0.000000,top
"SW80","SW_Push","MX_PCB_1.00u",345.809360,-227.285352,0.000000,top
"SW81","SW_Push","MX_PCB_1.00u",364.859360,-227.285352,0.000000,top
"SW82","SW_Push","MX_PCB_1.00u",383.909360,-227.285352,0.000000,top
"SW83","SW_Push","MX_PCB_1.00u",402.959360,-227.285352,0.000000,top
